Podcast ID,Podcast Title,Bitly Link,Total Clicks,2024-11-25,2024-11-26,2024-11-27,2024-11-28,2024-11-29
0def007d4a804f5aa3a4f73f462aade5,Volts,https://whr.tn/3YWsOgu,1,1,0,0,0,0
969232a0b74b405a8914c5e089dbed4e,Experible with Krati Mehra,https://whr.tn/3YWsT3M,0,0,0,0,0,0
6634ee2d27ef4c9f909183931feecb3b,Unequaled,https://whr.tn/3Z1YWPN,0,0,0,0,0,0
8a793da5ece24bf39980cd96f2fa2a3f,The Speed of Culture Podcast,https://whr.tn/3Z5AJZ0,0,0,0,0,0,0
9ec1bc30903345839cf92fb5b9a8291d,Chicago Bears Podcasts,https://whr.tn/3YWZtSY,0,0,0,0,0,0
e9cdada58a2e4486b3d332c6385fb667,Writers of the Future Podcast,https://whr.tn/3Z5ANYK,0,0,0,0,0,0
b242c4e379664fd2b6fc0b31230a3583,Apple @ Work,https://whr.tn/3Z1C2rA,0,0,0,0,0,0
2290d1f35efa423996b350451a824499,"The Fat Bird, Ugly Dog Podcast",https://whr.tn/3Z5AQ6S,0,0,0,0,0,0
aca810784cf94d82889e1195a4c638a5,Blossom Your Awesome,https://whr.tn/3YVM2Tf,0,0,0,0,0,0
c1227df06c8c4bdba15e7332c1ad241e,Supply Chain 24/7 Podcast,https://whr.tn/3Z1tyAM,0,0,0,0,0,0
af66780d255746b0914e340bb6e5eac5,Hornets Hive Cast,https://whr.tn/3Z1Z3eb,0,0,0,0,0,0
39797471b6974419b78d060cc46306f6,Iron Culture,https://whr.tn/4hQin6C,0,0,0,0,0,0
5a65ee27f585443e8082af3bb3104f40,The Edge Podcast,https://whr.tn/3YQvKes,0,0,0,0,0,0
5c60e733c0cf4f9f8da1628994a36af1,UNSCRIPTED,https://whr.tn/3B3g2EK,0,0,0,0,0,0
8cd17cefc1314a3cb95cb92370d8cc6b,The Balanced Blonde // Soul On Fire,https://whr.tn/3B3fO0m,0,0,0,0,0,0
9b5d20bb106e446ea88e768df1e711ec,PR 360,https://whr.tn/4i0UmtB,0,0,0,0,0,0
7aa4eba467a74dd5a24b687fbc061a90,Scarred For Life,https://whr.tn/3CCA5dO,0,0,0,0,0,0
300054eee4ce40efbaa7cbbf41963223,The Confident Woman Podcast,https://whr.tn/3YYk0Xh,1,1,0,0,0,0
b13879bb6fd44b5498fe21f4b03500b4,Carnegie Council Podcasts,https://whr.tn/3YZAaj3,0,0,0,0,0,0
2812d36738bf4e8f9030bf76fe7f6e2b,Running Through My Vanes Podcast,https://whr.tn/3YXcNH4,0,0,0,0,0,0
68d67bbbd6f848aabb377fdf961f18bc,Missin Curfew,https://whr.tn/3AZCtdZ,0,0,0,0,0,0
dbf1d737fc624be89cb8e2cef839ead5,Succession Stories,https://whr.tn/3Z0FItS,0,0,0,0,0,0
1884a10c4ac64cf4af551621ee72fb4b,Our Curious Amalgam,https://whr.tn/3YZzkTz,0,0,0,0,0,0
bf8dca69526943efa4b9306ab05d6f12,WHOA That's Good Podcast,https://whr.tn/4hZjSj6,0,0,0,0,0,0
23b1159fd4454d5b83f7c7943246cec5,What is Going OM with Sandie Sedgbeer,https://whr.tn/3YUHJaZ,0,0,0,0,0,0
70246205359246919c3a22f9fb7882bf,NorCal and Shill,https://whr.tn/3Z1tkcU,0,0,0,0,0,0
31dab6875f4a40e5922a0a0af6ce763d,Discover Lafayette,https://whr.tn/3Z1tzEQ,0,0,0,0,0,0
d7c94b228c884618b3e0c764febbae0d,Grace in Focus,https://whr.tn/3ZjDt59,0,0,0,0,0,0
3109c88288504491813c9a51d026bd6d,Contacts Coaching Podcast,https://whr.tn/3Z17QNz,0,0,0,0,0,0
481531da88c846618c88a6d1947a9e22,The InvestHER Podcast,https://whr.tn/3YXd390,0,0,0,0,0,0
c67b5dd435fa4bb6aa97b73d4dd56cc0,Big Game Hunting Podcast,https://whr.tn/3YVM3Xj,0,0,0,0,0,0
8d4c4091f3e04d139dda9b86bbea28c6,Over The Ball with Kevin Flynn and Dave Gallego,https://whr.tn/3YWt5jw,0,0,0,0,0,0
05c285f33f0d422fab5e0d96c6d29796,Confessions,https://whr.tn/3YVCFTH,0,0,0,0,0,0
2bb598831a4f40b4a30be461bd2af625,The Fat Pipe - Most Popular Packet Pushers Pods,https://whr.tn/3YWt5Qy,0,0,0,0,0,0
0d8198321f394467865256ce3edaa00d,Starlight Pet Talk,https://whr.tn/3YQAK2w,1,1,0,0,0,0
769a5bea7a534b0ab15eb201927e5a3e,Elevate Your Brand,https://whr.tn/3YXl0eb,0,0,0,0,0,0
e8b4909e4f4b47e8b6aab71178aa8ea5,PEOPLE ARE THE ENEMY,https://whr.tn/3YXkRYb,0,0,0,0,0,0
3533a9e14ee94cf49bba1f699580be68,Sex and Psychology Podcast,https://whr.tn/4hWoeYc,0,0,0,0,0,0
2578dd3b1aa0494483c52ced3968d6a4,The Sensible Hippie Podcast,https://whr.tn/3AZ3tdC,2,1,1,0,0,0
bc55c0ce41744d448275db0473d5dd92,What’s up World!! ,https://whr.tn/4i0hacU,0,0,0,0,0,0
10bddb2c28894bc2a6f335ee6fc521db,Ones Ready,https://whr.tn/3B2HIcV,0,0,0,0,0,0
f8104b21e4b0402da67462de49eff2e1,Dear Prudence,https://whr.tn/4i0uT3u,0,0,0,0,0,0
ee2a78919d5a409591f17a193cfa62a3,Consensus in Conversation,https://whr.tn/3YZzcU5,0,0,0,0,0,0
ffe7edc73c774757b70a9508b1fef1e8,Bear Bets: A FOX Sports Gambling Show,https://whr.tn/3YXpBNB,0,0,0,0,0,0
0ab4eabaa6234bf4be970090d32ae04d,Evoke Greatness Podcast,https://whr.tn/3Z1tlgY,0,0,0,0,0,0
e1c9e2a2b1c741dbad72e9d93a9462e7,Meet the Writers,https://whr.tn/3YVCGHf,0,0,0,0,0,0
90a658c365724c5abd57ca9a5d1cdd92,dig new streams,https://whr.tn/3YWt6E6,0,0,0,0,0,0
e2c982fd37a8479c8ccebb45b5d2de00,The Holistic Kids Show,https://whr.tn/3B2Hsut,1,1,0,0,0,0
57bc8564bd774dfa96e81406c6bf86ac,Four Visions Podcast,https://whr.tn/3YWeqow,0,0,0,0,0,0
a2d6f58f8ac64770a53b328b12010939,Exchange Traded Fridays by etf.com,https://whr.tn/3YQB0i0,0,0,0,0,0,0
97935b1601cd4ff5a458ab2c581b7ef2,Travel Agent Chatter | Friday 15,https://whr.tn/3CCEYnc,0,0,0,0,0,0
755b337428fc4c05940580cbe1628c07,Sports Management Podcast,https://whr.tn/3Z17S89,0,0,0,0,0,0
e362b60db75f439d8ae93252e39313da,The Mayn Idea Podcast,https://whr.tn/4hZjTUc,0,0,0,0,0,0
b6314761253b494799de9107000ef5f6,The Two Planker Network,https://whr.tn/3CBXRql,0,0,0,0,0,0
b58c225f10ec49fb958dd6a315dce731,My Favorite Mistake: Business Lessons from Failures and Success,https://whr.tn/4i0UoBJ,0,0,0,0,0,0
8b23ec88f4554f7da2347a81050f2f4f,Good Work with Barrett Brooks,https://whr.tn/3CB2d13,0,0,0,0,0,0
189ac219add34267a0e9416b8a470114,HR Superstars,https://whr.tn/3YWt7rE,0,0,0,0,0,0
9eea382b7f29475398e34a7b8e99e4c2,"The Full Plate Podcast with Abbie Attwood, MS",https://whr.tn/3YWt8Me,0,0,0,0,0,0
605b8e6e8a794f0384f65312241ab047,Pretty Curious with Jonathan Van Ness,https://whr.tn/3YUHwod,0,0,0,0,0,0
560bb0977fae44da8d2415899e18ee58,Off the Edge with Cam Jordan,https://whr.tn/3YUHD37,0,0,0,0,0,0
eee7e5c7f5a14c798ebe2a37c59e2d48,Disability Matters,https://whr.tn/3B2HmD7,0,0,0,0,0,0
83a52aae84074249aeed5fc26f95dd85,The Bitcoin Cash Podcast,https://whr.tn/4i0k9lA,0,0,0,0,0,0
ba9619803af94a5091689c9001db6315,The Melt Podcast,https://whr.tn/3YZznPf,0,0,0,0,0,0
0d86618b73e84aaf92e6a20bf538f014,Pet Sitter Confessional,https://whr.tn/3YVM6lX,0,0,0,0,0,0
045efee386f24ecbbcbf4d1a4d5879bb, Kop On! A Liverpool FC (LFC) podcast,https://whr.tn/3YVM7q1,0,0,0,0,0,0
ed450f75b8704987a255533f7db15b95,Startup Hustle,https://whr.tn/3YXd50C,0,0,0,0,0,0
d6a64becea17442a80ffb4b376440c15,Grimerica Outlawed,https://whr.tn/3Z1BRwq,0,0,0,0,0,0
84177a2cb2114cf594df2de5645bec9a,"Sunshine Cafe: Real Stories, Real People, Real Encouragement",https://whr.tn/3CCEZaK,0,0,0,0,0,0
483fe5c353a248898ff8bd3bf3d332f8,The Skin Real,https://whr.tn/3Z0FuD2,0,0,0,0,0,0
f4f4d647df5a4063b213605b9b12f562,White Sox Talk Podcast,https://whr.tn/3YWZFSc,0,0,0,0,0,0
9d723bc1def7476dac9b5af945b9c915,Ella Go Podcast,https://whr.tn/3YQvU5y,0,0,0,0,0,0
b2f6cd162f0f4a338d8e370e84641c7b,Holy Culture Radio,https://whr.tn/4hTUlHT,1,1,0,0,0,0
01e52ccc994548d1aa4686456e43c852,The Colorado Rapids Podcast,https://whr.tn/3Z1z1rc,0,0,0,0,0,0
2b8473957ff148bda2359119846663b1,The Academic Life,https://whr.tn/4hUsUxJ,0,0,0,0,0,0
d62b0493c35c4dd893032f89f7a1b8d5,Full Comment,https://whr.tn/4hVnbaV,0,0,0,0,0,0
3684cebdd63845d997079d177b814103,Left of Center Show,https://whr.tn/3CB23Xv,0,0,0,0,0,0
70574725b2854af9a0e4294fb1a03b43,Podcasts by Larry Lannan,https://whr.tn/4icdZ2f,1,0,1,0,0,0
6a0a7636ad7c4254a5224b85ba0dbd07,"Learning to Glow: Tips for Women's Health, Optimal Wellness in Midlife and Aging Gracefully",https://whr.tn/4i0UpWj,0,0,0,0,0,0
e68c42eb6e2b4a6987b998b23da80dcf,Austin Real Estate Investing,https://whr.tn/3OkxhEK,0,0,0,0,0,0
9b91c79f1cb14a5f9316e9d1f0aab03a,The Burnt Chef Journal,https://whr.tn/4hZtaM4,0,0,0,0,0,0
4ccc426095c44c39a3d3887ad1742324,"Go Time: Golang, Software Engineering",https://whr.tn/3YXpuBF,0,0,0,0,0,0
472ba211a8bc4a9a804fe342270f5046,The Business Elevation Show with Chris Cooper - Be More. Achieve More,https://whr.tn/3YSwyiW,0,0,0,0,0,0
d71da811ddda4c18bd4ca3942595f7d3,Planted with Sara Payan on Radio Misfits,https://whr.tn/4hV38cJ,0,0,0,0,0,0
bb570f0c81994fa2a41f9a6d161d7450,The Mind Tools L&D Podcast,https://whr.tn/3OjyqMY,0,0,0,0,0,0
7d2ae26621254a768723016e033b4202,The Naked Pravda,https://whr.tn/3OkoLp6,0,0,0,0,0,0
8aa16ed8f85445009c0fa427f44943bf,Digital Trailblazer Podcast,https://whr.tn/3ODmMwB,0,0,0,0,0,0
8cd537f742654051b216d593e49eeb0b,Resilient AF3,https://whr.tn/3YZzZEp,0,0,0,0,0,0
db84942164ec4666bfc527e766837e73,"Wild + (finally fcking) Free: Real, Raw Stories of Metamorphosis, Growth and Evolution",https://whr.tn/3AZCqij,0,0,0,0,0,0
31cf43f2e9c84930bde4dac60728d34e,The Rich Roll Podcast,https://whr.tn/3Ojnlve,0,0,0,0,0,0
273cb622ad064d99b2a11778ea4580d6,It's Scary To Remarry ,https://whr.tn/3Z0FCCw,0,0,0,0,0,0
181262df863f4bc79aa0c38e6f94ce37,Moped Outlaws,https://whr.tn/3OhbJZx,0,0,0,0,0,0
c9d8a35267634d13b6b73808bc3f38be,The 10Adventures Podcast,https://whr.tn/4hZjVvi,0,0,0,0,0,0
ffaae296bfff4e628a3e412a6b09c973,Startups in Stilettos,https://whr.tn/4hWohmQ,0,0,0,0,0,0
6e60fe4f0893445b8f3748fe93c824e9,Building Biotechs,https://whr.tn/3CCF0eO,0,0,0,0,0,0
11c8f62ca5864509ac790e231eca4462,Everything and Anything...and a bit gay Podcast,https://whr.tn/3OlxtDL,2,1,1,0,0,0
a3cb4a80f0084dd5afef73263059e7f5,Wrestling Mayhem Show,https://whr.tn/3AQEgCa,0,0,0,0,0,0
78d2a7781e794210973d48e8ff178040,The Richer Geek,https://whr.tn/3B2Hwud,0,0,0,0,0,0
44a99d0ef6414a3586cb8a6aa9a7c7bc,Sweat Elite Podcast,https://whr.tn/4hZefRL,0,0,0,0,0,0
8929436d86cc452b881f66bb97da9770,Training Unleashed,https://whr.tn/3OkoMcE,0,0,0,0,0,0
1e46be03d19a4d5d81f516b4801821aa,Being an Engineer,https://whr.tn/3OpljcN,0,0,0,0,0,0
06ab3bba304a4cc280b6422624f95f17,The Pro America Report with Ed Martin Podcast,https://whr.tn/4hV390h,0,0,0,0,0,0
9c976b860b3b4583920083b9b640e178,ICTPODCAST,https://whr.tn/3OilKG4,0,0,0,0,0,0
650aca81c80b4fe4a49752a4c2698796,Grow My Salon Business Podcast,https://whr.tn/3OilLtC,2,0,2,0,0,0
ea66e5db5f4a49e2a55ea3d43ab5d800,Your Hope-Filled Perspective with Dr. Michelle Bengtson podcast,https://whr.tn/3OilMOc,0,0,0,0,0,0
3e9c9793fa5d497fbe087f6718aaea00,Trish and Rob MacGregor's The Mystical Underground,https://whr.tn/3Ofzz8d,0,0,0,0,0,0
044f1d92a3314ed9bb9d55870f555927,If These Balls Could Talk,https://whr.tn/3Opljtj,0,0,0,0,0,0
9cc685e9080e428cb2211110851b567e,Drinkin‘ Bros Podcast,https://whr.tn/3AQE8Tc,0,0,0,0,0,0
e1f891b8e12a4fc1ac5c6491201ef54c,Random Musings From The Clinical Trials Guru,https://whr.tn/3Z181sd,0,0,0,0,0,0
30692e18effc49a3a8914ce95623018a,Judging Meghan,https://whr.tn/3Oid2aJ,0,0,0,0,0,0
ea87c9a584d449dca89448dee4c28091,eTown,https://whr.tn/3Oid4iR,0,0,0,0,0,0
cf739fdc7132407da112f07ebde68fe7,District 3 Podcast,https://whr.tn/3Ok6Zma,0,0,0,0,0,0
ce26262064034fc4870d654865090163,Ever Forward Radio with Chase Chewning,https://whr.tn/3OfPXFJ,0,0,0,0,0,0
28e98795e7794bfbb2951039ecb04051,Gratitude Geek,https://whr.tn/40Xgnn9,1,1,0,0,0,0
766eb22b9588464a8d03c6ff035e6085,Juan on Juan,https://whr.tn/40SFZBH,0,0,0,0,0,0
0aef92aef661431793272ff885593a9d,Shipping Forum Podcast,https://whr.tn/3OjysEA,0,0,0,0,0,0
825548d27fc84d6cb9342f5014a8b50e,"What Next: TBD | Tech, power, and the future",https://whr.tn/3Okxbgm,0,0,0,0,0,0
ce6742f033e3424eb19677389ba8baf4,The Wild Chaos Podcast,https://whr.tn/4hUsYxt,0,0,0,0,0,0
26c4c224d76c45ab8ffabdd0ea9edd7c,Becoming Savage: the podcast,https://whr.tn/3Ok709I,0,0,0,0,0,0
4e7d92ff3e5b4d18aa5376e2bf639682,Art of Procurement,https://whr.tn/3OhbM7F,1,1,0,0,0,0
4a700ff1c91848d28d788458e4bd261f,The Jeff Fenster Show,https://whr.tn/3OfzJMR,0,0,0,0,0,0
cf14699ee32e42d39816221ce2dde4d4,DataFramed,https://whr.tn/40Qhp4m,0,0,0,0,0,0
4e71b8aa6858480fbca9861c9e8be7a9,The OTA Podcast,https://whr.tn/4hQMpHD,0,0,0,0,0,0
6d708680a01f4f4d8c3ef1e3d5cda00f,Dogman Encounters Radio,https://whr.tn/3OeMQhg,0,0,0,0,0,0
0a5e4fe6b7dc4ab781ef52453fc92912,Organic Healthy Lifestyle,https://whr.tn/4i0ZeiG,0,0,0,0,0,0
874bff5140c74257aebfaa2ddcd06e7b,Wedding MBA Podcast,https://whr.tn/4i0uX3e,0,0,0,0,0,0
6868343b366d4d72b242bf3515a64bf9,New Thinking for a New World - a Tallberg Foundation Podcast,https://whr.tn/3OkxbNo,0,0,0,0,0,0
6bd9a1282c8f455ab96551f5c999c96d,The Faqs Project,https://whr.tn/40SG2NT,0,0,0,0,0,0
8659afb8876b416cbd7f08439b279c72,The Sporkful,https://whr.tn/4hWoiXW,2,1,1,0,0,0
b5e15a07e9004e7a82bae182536c67ef,The News Agents - USA,https://whr.tn/3OiFx88,0,0,0,0,0,0
7e4e6ae7ece54ed185a073c6dbb09e9a,The Quarterback DadCast,https://whr.tn/3ODmPsh,0,0,0,0,0,0
a5aeea5c5ab849e8b70fd9a097accea3,The MOVEMENT Movement,https://whr.tn/3OjIC7U,0,0,0,0,0,0
bef445bb27cb4c57abb7fcd9bd20e609,Cajun Catholics,https://whr.tn/40TkNv9,0,0,0,0,0,0
dbd7a2cf445940b69918a22f8340e3ee,"""But Jesus Drank Wine"" & Other Stories That Kept Us Stuck",https://whr.tn/3OjIG7E,0,0,0,0,0,0
b7f6c55a78a74581b478f88f1c8e6ae4,The Wealth Without Wall Street Podcast,https://whr.tn/41foVWP,0,0,0,0,0,0
6d06bda6fb364744a0f5b3166e81846b,The Week with Roger,https://whr.tn/40RLyQP,0,0,0,0,0,0
1447a888aed94c0390a65263fc253ada,NHL on ESPN,https://whr.tn/3OeMR4O,1,1,0,0,0,0
bba21aa5922140f9ba44b16e16b1a7dd,MARGARET ROACH A WAY TO GARDEN,https://whr.tn/3Ohw29i,0,0,0,0,0,0
aaa93e2074114884b4f822038539bd10,Locked On Canadiens - Daily Podcast on the Montreal Canadiens,https://whr.tn/40QEROV,0,0,0,0,0,0
69009046c1a04759bedbae4f0f28d8d7,SuperPsyched with Dr. Adam Dorsay,https://whr.tn/3ODmGFf,0,0,0,0,0,0
58362995278f4ef093c544548c8138f4,Jim's Podcast,https://whr.tn/4i0uXQM,0,0,0,0,0,0
1663b14229a3467e97090eb072c01c8f,Leveraging Leadership,https://whr.tn/3Oguz2S,0,0,0,0,0,0
6f43727515a94186bc241bd312b0371e,The DIGA Podcast,https://whr.tn/4hZ3jDN,0,0,0,0,0,0
2b52faed47c14757a0e677c127cce9ab,Making A Runner,https://whr.tn/3OiFxFa,0,0,0,0,0,0
91d21385e6f04fd8bcaf1aea77d9be79,The Rich Redmond Show,https://whr.tn/4ice2uX,0,0,0,0,0,0
0625e145874f4989adb4fa9d4c600e58,Grief 2 Growth,https://whr.tn/40QESSZ,1,0,1,0,0,0
333a98a62f2c455bad5fe07d6f898267,Landscape Photography World,https://whr.tn/4hQMr2d,2,0,2,0,0,0
d9de829dd348417eb92e2c3eb5ed1c6d,Podcast de Itnig: Historias de startups,https://whr.tn/4i1FrQ7,0,0,0,0,0,0
5595c9c16fca4c1fa4fc4a07eb194b3d,Life in the Front Office Podcast Presented By Suja Organic,https://whr.tn/40Wp6pz,0,0,0,0,0,0
0bad601be32d410ba55669d247eefae4,Houston We Have a Podcast,https://whr.tn/4hUt6gr,0,0,0,0,0,0
5fdab8917c834436b022a72f38fef0c5,NL Hafta,https://whr.tn/4hV3b8p,0,0,0,0,0,0
8f862f07191d4cec94c1ec2c80da6264,Venture Everywhere,https://whr.tn/3OjISUq,0,0,0,0,0,0
fc20b23f9d554cf5aaa67e196e1d2380,The Sales Hunter Podcast,https://whr.tn/3OkoPoQ,0,0,0,0,0,0
6c0621f3ad6047dabefdbce193fe5aff,Emotionally Unavailable,https://whr.tn/3Oj6qZz,1,1,0,0,0,0
4543e6f83c9e433dbd78cbfe663e4107,Dimensions of Diversity,https://whr.tn/3Oid7v3,0,0,0,0,0,0
b867b5f0f6334b0fa42f0c5c45f5429b,Infamous,https://whr.tn/4hZthY0,1,1,0,0,0,0
d32a366b7036430093c6cb13103c7b86,Troy Gramling Podcast,https://whr.tn/40W6C8J,0,0,0,0,0,0
c54ddde1a23e4df1a6582e277b2c6ede,An Immigrant’s Life,https://whr.tn/3Ohwbtm,0,0,0,0,0,0
c89c5d3faea643ff82762952ab6b0538,BEING SHARON GIBSON,https://whr.tn/3AG5c7N,1,1,0,0,0,0
daf9d3bc75c344a3a6d221b84fd6237d,Distance To Empty,https://whr.tn/3OgUgjR,0,0,0,0,0,0
71da67cfa5a349aa8f7baf3ea75d64b9,Half Size Me,https://whr.tn/3Oplncx,0,0,0,0,0,0
25377b7eb3c04c15a4ec9008bd0a4c13,Stripping Off with Matt Haycox,https://whr.tn/40VnQmA,0,0,0,0,0,0
ad0346b56a6043eda918d2655837c761,The Just Checking In Podcast,https://whr.tn/3ATYFWZ,0,0,0,0,0,0
3bc67f2b0a4043029902f49b9053f0c9,TheMilVet Podcast,https://whr.tn/40VnQD6,1,1,0,0,0,0
56db60ab4d0348de944c4c5396a3c97f,Beyond The Technique Podcast,https://whr.tn/3CCF3au,0,0,0,0,0,0
7fa9bb3b2146470db72f049662461c27,My First Dungeon,https://whr.tn/40W1UIf,0,0,0,0,0,0
0dd73ccefb954e769fd4996b339f7f44,Finding Mastery with Dr. Michael Gervais,https://whr.tn/4i0Ux8f,0,0,0,0,0,0
e90994f348994cada0e7021588815734,Forging The Future with Chris Howard,https://whr.tn/3OfzCAV,2,2,0,0,0,0
dd27009e122044e8be4811dd63e08910,The Quality Hub,https://whr.tn/3OiuzQ3,1,1,0,0,0,0
eed4f040cbd04ac2ae7ee068dcad2521,"The Pediatric Lounge, Where Pediatric Physicians Come to Share Their Stories and Success",https://whr.tn/40YsKzg,0,0,0,0,0,0
0dbf8fb724784a7f87157aa1b39d3a19,4:13 Podcast with Jennifer Rothschild,https://whr.tn/4hZ3kYn,0,0,0,0,0,0
08f57953fea949e0933be558267255e2,Carnivore Coaches Corner,https://whr.tn/3OiFyZK,0,0,0,0,0,0
a920cabca2ce4d3d81d984d005bfaaf8,Ruby Rogues,https://whr.tn/40UU4hM,0,0,0,0,0,0
084f239320684fdd9a9402aec81b790a,Adventure Sports Podcast,https://whr.tn/4hXZTkz,0,0,0,0,0,0
d298626c575548e5a23e4831cc7c6845,AI For Pharma Growth,https://whr.tn/3ATYye1,0,0,0,0,0,0
406cb052f3ff4eaa893af33ab38bf2d3,Veteran's Minimum,https://whr.tn/4fBrypU,0,0,0,0,0,0
81548d8063ef422ea005890f7340b799,Learning Unboxed,https://whr.tn/4eAKdkp,0,0,0,0,0,0
a0c4026c501942e7ac4b46e18c9027ca,Born Free Method: The Podcast,https://whr.tn/4eHWO5v,0,0,0,0,0,0
7282ce2ab700430f9abe9259cb2eb9ce,Northwest Florida Fishing Report,https://whr.tn/4eCvB45,0,0,0,0,0,0
c0fed504eb8b47a4b9bbe120a7713c2e,Raising Private Money with Jay Conner,https://whr.tn/40UwzWc,0,0,0,0,0,0
70b434d0a8cd4573a9261044b661f703,JOSPT Insights,https://whr.tn/4fAFAIA,0,0,0,0,0,0
2e99428b17e54297affb2b76e5e3fad2,Heartbeat For Hire with Lyndsay Dowd,https://whr.tn/4eD1lpN,2,2,0,0,0,0
cf92ee9e20874ee2969e7096023c3c4f,Super Pulp Science,https://whr.tn/4fxYAHN,0,0,0,0,0,0
d0ad55c3d7cc4f669695d468e6a53441,Inside the Minds of Authors,https://whr.tn/4fQO26N,1,0,1,0,0,0
5d38fc38cbf343fdbe11a504ba57b8e0,Political Theater,https://whr.tn/40QF5Wh,0,0,0,0,0,0
23e0c15af5fe49ceb81effcf2d01e5a5,Living Off Rentals,https://whr.tn/4eDMyey,0,0,0,0,0,0
8e64aa5754504edebd829a0d0a53d522,Long Shot Leaders with Michael Stein,https://whr.tn/4fAl6Q3,0,0,0,0,0,0
d7f4271513d84b5eab74db663b477876,Windowsill Chats,https://whr.tn/4eDTBUG,0,0,0,0,0,0
9370cad7843845f9b150dba7fd0f2b68,Fixing Famous People with Chris DeRosa & Dominick Pupa,https://whr.tn/4fBpzSL,0,0,0,0,0,0
c1c03c744f0d492caee4e93dda66dd6b,Banking on Digital Growth,https://whr.tn/40W26Ht,0,0,0,0,0,0
40a95ae6f69a4705bd85c2b489fe3726,The Blind Ambition with Jack Kelly,https://whr.tn/4eDVwZ5,0,0,0,0,0,0
e1307172c5684121aa0458c7ed7ada8f,Resilient by Design with Rebecca Hay,https://whr.tn/4eGH2bd,0,0,0,0,0,0
710abbabd1294cd2bd2cc739c1758396,The Gnar Stool Podcast,https://whr.tn/4fAYBdY,0,0,0,0,0,0
d39f8fdf95a24ac0b92aa141d8e69d8e,Lose Weight for The Last Time with Laura Conley,https://whr.tn/3ADMei8,0,0,0,0,0,0
4542a3b0690440b79267bc6e37a95efe,0xResearch,https://whr.tn/4eVwZ29,0,0,0,0,0,0
7936f0d27591441fbc3a5ad330083560,The Evolution of Horror,https://whr.tn/4eVx1Hj,0,0,0,0,0,0
cbe377c164d14535b0005f55c602877d,Smart Business Revolution | Turn Relationships into Revenues | Networking | More Clients | Relationship Advice,https://whr.tn/4eEseJW,0,0,0,0,0,0
ac25ecd3c26b4996986d5164eabcc5dc,Behind the Blue,https://whr.tn/4eAfFPW,0,0,0,0,0,0
f048dba7fc1d48d4ac5c13f4f02222c0,Zero Ambitions Podcast,https://whr.tn/40XGOcu,1,1,0,0,0,0
